偵測語言,中文 (繁體),TOP camarada!!!,太棒了，夥計！ ！ ！
英文,中文 (繁體),hype,炒作
英文,中文 (繁體),sanction,制裁
英文,中文 (繁體),tug of war,拔河
英文,中文 (繁體),medalist,獎牌得主
英文,中文 (繁體),i can't vouch for current voice quality,我無法保證目前的語音品質。
英文,中文 (繁體),carbide,碳化物
偵測語言,中文 (繁體),snatch,搶奪
偵測語言,中文 (繁體),dichotomy,二分法
中文 (繁體),英文,風險排除（Due Diligence）,Risk Elimination (Due Diligence)
英文,中文 (繁體),rigor,嚴格
英文,中文 (繁體),imperative,至關重要的
英文,中文 (繁體),frugal,節儉
英文,中文 (繁體),"I cannot answer your question because your request has a premise, and I haven't participated in the relevant discussion, so I don't know the answer. If I were to provide it, it might raise questions about post-hoc fallacy.",我無法回答您的問題，因為您的問題是基於一個前提，而我沒有參與相關的討論，所以我不知道答案。如果我提供答案，可能會引發關於後此謬誤的質疑。
英文,中文 (繁體),Cadence,節奏
偵測語言,中文 (繁體),bloat,腹脹
英文,中文 (繁體),"The structural rule in semi: If a company does chip design or tool innovation, it must spend 10%–25%+ of its revenue purely on R&D, guaranteeing a 15–40 percentage point gap between gross and operating margins.",半導體產業的結構性規則是：如果一家公司從事晶片設計或工具創新，則必須將 10%–25% 以上的收入完全用於研發，從而確保毛利率和營業利率之間有 15–40 個百分點的差距。
偵測語言,中文 (繁體),nobody fucking know what they want at 23 you got time,23歲的時候誰他媽都不知道自己想要什麼，你還有時間。
英文,中文 (繁體),"* **Step 4: Assess Operational Productivity (Headcount & Execution)**
* **Revenue per Head:** Divide total revenue by full-time headcount. If headcount jumps 30% while revenue only grows 5%, organizational drag is setting in.
* **Management Commentary (MD&A):** Scan the *Management’s Discussion and Analysis* section for guidance adjustments, customer concentration risks, or shifting segment revenues.","* **步驟 4：評估營運效率（人員配置與執行力）**

* **人均收入：** 將總收入除以全職員工人數。如果員工人數增加 30%，而收入僅成長 5%，則表示組織效率正在下降。

* **管理層評論（MD&A）：** 瀏覽「管理層討論與分析」部分，查看業績指引調整、客戶集中度風險或業務板塊收入變化。"
英文,中文 (繁體),"* **Step 3: Audit the Balance Sheet (Solvency & Working Capital)**
* **Working Capital Traps:** Look at Accounts Receivable and Inventory. If inventory or receivables grow significantly faster than sales, cash is getting locked up in unsold goods or unpaid invoices.
* **Debt Maturity Profile:** Review the notes on long-term debt to see when major principal repayments are due relative to cash holdings.","* **步驟 3：審核資產負債表（償付能力與營運資本）**

* **營運資本陷阱：** 查看應收帳款和存貨。如果存貨或應收帳款的成長速度遠超銷售額，則現金會被未售出的商品或未付的發票佔用。

* **債務到期：** 檢視長期債務的附註，以確定主要本金償還日期相對於現金持有量的時間。"
英文,中文 (繁體),"* **Step 2: Reconcile with the Cash Flow Statement (True Reality)**
* **Earnings Quality:** Ensure Operating Cash Flow tracks Net Income closely. If net income rises while OCF falls, the company may be recognizing revenue aggressively without collecting actual cash.
* **FCF Generation:** Calculate $\text{Free Cash Flow} = \text{Operating Cash Flow} - \text{Capital Expenditures (CapEx)}$. Sustainable companies fund their dividends, buybacks, and growth from FCF rather than debt.","* **步驟 2：與現金流量表核對（真實情況）**

* **獲利品質：** 確保經營現金流與淨利緊密相關。如果淨利潤上升而經營現金流下降，則公司可能存在過度確認收入而未實際收到現金的情況。

* **自由現金流產生：** 計算公式為：自由現金流量 = 經營現金流量 - 資本支出。永續發展的公司會利用自由現金流而非債務來支付股利、股票回購和推動成長。"
英文,中文 (繁體),"**Step-by-Step Evaluation Process**

* **Step 1: Check the Income Statement (Profitability & Moat)**
* **Gross Margin:** Measures competitive advantage and pricing power. Stable or rising gross margins indicate that suppliers or competitors aren't squeezing the company.
* **Operating Leverage:** Compare SG&A (Selling, General & Administrative) and R&D growth to revenue growth. Healthy companies scale revenue faster than overhead costs.","**逐步評估流程**

* **第一步：查看損益表（獲利能力與護城河）**

* **毛利率：**衡量競爭優勢與定價能力。毛利率穩定或上升表示供應商或競爭對手並未對公司施加壓力。

* **營運槓桿：**比較銷售、一般及行政費用 (SG&A) 和研發支出成長與收入成長。健康的公司收入成長速度通常快於營運成本成長速度。"
英文,中文 (繁體),proximity to,靠近
英文,中文 (繁體),the same gauge,相同規格
英文,中文 (繁體),appraiser,評估師
英文,中文 (繁體),"Stratified sampling ensures each subgroup (stratum) is represented, reducing sampling error when subgroups differ significantly.",分層抽樣確保每個子組（層）都有代表，從而減少子組間有顯著差異時的抽樣誤差。
偵測語言,中文 (繁體),eudaimonia,幸福
英文,中文 (繁體),nuance,細微差別
英文,中文 (繁體),"飛蛾

《請開始說你的故事》

金德拉廳

《誰會說故事，誰就是贏家》

唐納米勒

《跟誰行銷都成交》","飛蛾

《請開始說你的故事》

金德拉廳

《誰會說故事，誰就是贏家》

唐納米勒

《跟誰行銷都成交》"
英文,中文 (繁體),I put these tools in an HTML webpage and rendered all the information together.,我將這些工具放入一個HTML網頁中，並將所有資訊一起渲染出來。
英文,中文 (繁體),THE SPINE,脊椎
英文,中文 (繁體),trolley;troll,手推車；巨魔
英文,中文 (繁體),boilerplate code,樣板程式碼
英文,中文 (繁體),implication,意義
英文,中文 (繁體),harnessed,已掌握
英文,中文 (繁體),tenanted,已出租
英文,中文 (繁體),exposure remains high,風險仍然很高
英文,中文 (繁體),cyclical headwind,週期性逆風
英文,中文 (繁體),unrelenting stamina,不懈的耐力
英文,中文 (繁體),arduous,艱鉅
英文,中文 (繁體),which slashed cross-functional issue resolution,這大幅削減了跨職能問題解決能力。
英文,中文 (繁體),inpaint,修復
英文,中文 (繁體),you are on a roll,你最近勢頭正猛。
英文,中文 (繁體),jargon,行話
英文,中文 (繁體),altruism,利他主義
英文,中文 (繁體),Parliament,議會
中文 (簡體),英文,大富翁,Monopoly
偵測語言,中文 (繁體),"Instrutor André Barbiero ceramics, bamboo and Natural tinder from the arenga pinat palm tree",指導老師 André Barbiero 使用陶瓷、竹子和來自棕櫚樹的天然引火物。
英文,中文 (繁體),czech,捷克
英文,中文 (繁體),data is immerse,數據沉浸其中
英文,中文 (繁體),immerse,沉浸
英文,中文 (繁體),"eye-catching, compelling",引人注目，扣人心弦
英文,中文 (繁體),Members of Parliament and Legislature,國會議員和立法機構成員
英文,中文 (繁體),"parliamentarians,",議員們，
偵測語言,中文 (繁體),knuckles,指關節
英文,中文 (繁體),"muscle up, pull up",引體向上，單腳向上
偵測語言,中文 (繁體),"BREAKING 🚨: Japan

Japan's 10-Year Yield hits highest level in 30 years 🤯 👀","突發新聞🚨：日本

日本10年期公債殖利率創30年來新高🤯👀"
英文,中文 (繁體),ontology and epistemology,本體論與認識論
英文,中文 (繁體),heretics,異端
英文,中文 (繁體),malicious intent,惡意意圖
英文,中文 (繁體),drawdown explorer,回撤瀏覽器
英文,中文 (繁體),Siamese,暹羅貓
英文,中文 (繁體),nuanced,細微差別
英文,中文 (繁體),syllable,音節
英文,中文 (繁體),render,使成為
英文,中文 (繁體),"I am now meticulously cross-referencing citations with their original sources to verify accuracy. I'm focusing on the supporting documentation for key assertions, from AIT's criticisms to details about the military preparations. I am especially cross-validating citations related to critical topics like the expanded societal resilience. I want to make sure the evidence is sound, and I will be working to ensure proper sourcing.",我現在正一絲不苟地將引文與其原始出處進行交叉核對，以驗證其準確性。我重點關注關鍵論點的佐證文件，從AIT的批評意見到軍事準備的細節，無一遺漏。我尤其重視與增強社會韌性等關鍵議題相關的引文的交叉驗證。我希望確保證據可靠，並將努力保證來源的準確性。
偵測語言,中文 (繁體),"Stretch 1

Grab the bar with false grip & straighten your arms","拉伸動作 1

用反握法握住槓鈴，伸直手臂。"
英文,中文 (繁體),amortization,攤銷
英文,中文 (繁體),"final fintech UI version
✅ Clean dashboard UI (cards + layout)
✅ Tabs (Summary / Table / Chart)
✅ Beautiful smooth chart (Chart.js)
✅ Dual Y-axis (Interest left / Principal right)
✅ Hover tooltip (shows values + balance)
✅ Currency formatting ($1,000,000)
✅ CSV export
✅ Chart download (PNG 🔥)
✅ Responsive (desktop + mobile)","最終版金融科技使用者介面

✅ 簡潔的儀表板介面（卡片式佈局）

✅ 標籤頁（摘要/表格/圖表）

✅ 美觀流暢的圖表（Chart.js）

✅ 雙Y軸（左側為利息，右側為本金）

✅ 滑鼠懸停提示（顯示數值和餘額）

✅ 貨幣格式（$1,000,000）

✅ CSV匯出

✅ 圖表下載（PNG格式）

✅ 響應式設計（桌面端+行動端）"
英文,中文 (繁體),push up,伏地挺身
英文,中文 (繁體),muscle up,引體向上
英文,中文 (繁體),scapula,肩胛骨
英文,中文 (繁體),COUGAR,美洲獅
英文,中文 (繁體),"SHRUGGED SHOULDERS

ACTIVE LATS","聳肩

啟動背闊肌"
偵測語言,中文 (繁體),calisthenic,徒手健身
英文,中文 (繁體),Fire Holl using natural coconut fibers #primitivefire #survival #fireholl #bushcraft,使用天然椰子纖維製作火盆 #原始生火 #生存 #火盆 #野外生存
英文,中文 (繁體),propaganda,宣傳
英文,中文 (繁體),you are supposed to retract the scapula,你應該後縮肩胛骨。
英文,中文 (繁體),hivemind,蜂巢思維
偵測語言,中文 (繁體),scallion,蔥
英文,中文 (繁體),canister,罐
英文,中文 (繁體),"Don't talk nonsense while taking action; focus on completing the task, appreciated with everyone’s effort and speak other up for promotion, and let others feel respectful.",做事時不要胡說八道；專注於完成任務，感謝大家的努力，提拔他人晉升，讓別人感到受尊重。
英文,中文 (繁體),please picture,請看圖片
偵測語言,中文 (繁體),natural tinder,天然火絨
英文,中文 (繁體),glucose fasting,葡萄糖禁食
英文,中文 (繁體),reassurance,放心
偵測語言,中文 (繁體),mock exam,模擬考
英文,中文 (繁體),blockade,封鎖
英文,中文 (繁體),Capstone,畢業設計
英文,中文 (繁體),morphology,形態學
英文,中文 (繁體),corpus,語料庫
英文,中文 (繁體),i am blanked out,我一片空白
英文,中文 (繁體),Because it matches how things naturally unfold over time:,因為它符合事物隨時間自然發展的規律：
英文,中文 (繁體),It sounds off because:,聽起來不太對勁，因為：
英文,中文 (繁體),catchy,朗朗上口的
英文,中文 (繁體),glitches,故障
英文,中文 (繁體),vulnerability,漏洞
英文,中文 (繁體),abide,遵守
英文,中文 (繁體),be thorough,要徹底
英文,中文 (繁體),triage,分診
英文,中文 (繁體),fetch,拿來
英文,中文 (繁體),snippets,片段
英文,中文 (繁體),bummer,真掃興
英文,中文 (繁體),guardrail,護欄
英文,中文 (繁體),augment,增強
英文,中文 (繁體),unanticipated objectives,未預料到的目標
英文,中文 (繁體),intricate entrench bias,錯綜複雜的根深蒂固的偏見
英文,中文 (繁體),frisked,搜身
英文,中文 (繁體),fallback,倒退
英文,中文 (繁體),declutter,整理雜物
英文,中文 (繁體),auction,拍賣
英文,中文 (繁體),the models is whitelisted,該模型已列入白名單。
英文,中文 (繁體),refrain,避免
英文,中文 (繁體),jailbreak,越獄
英文,中文 (繁體),verbose,冗長
英文,中文 (繁體),Mermaid,美人魚
英文,中文 (繁體),rubric,評分標準
英文,中文 (繁體),heuristic fallback,啟發式回退
英文,中文 (繁體),heuristic = fallback only,啟發式方法 = 僅作為備用方案
英文,中文 (繁體),Monetize,變現
英文,中文 (繁體),data silos,數據孤島
英文,中文 (繁體),ignite,點燃
英文,中文 (繁體),EQUITY,公平
英文,中文 (繁體),prejudice,偏見
英文,中文 (繁體),we tailored ourself,我們量身訂做了自己
英文,中文 (繁體),fallback plan,備用方案
英文,中文 (繁體),hinder,阻礙
英文,中文 (繁體),itemize,逐項列出
英文,中文 (繁體),facilitators,協調員
英文,中文 (繁體),Gōngxǐ! The final stretch has started !,恭喜！最後的衝刺開始了！
英文,中文 (繁體),tenure,任期
英文,中文 (繁體),it is very mouthful.,這真是太拗口了。
英文,中文 (繁體),critique ，Relevance，digression,批判，相關性，離題
英文,中文 (繁體),critique ，Relevance,評論，相關性
英文,中文 (繁體),agnostic，aesthetic，clunky,不可知論的，美學的，笨拙的
英文,中文 (繁體),i am content to say,我很樂意這麼說。
英文,中文 (繁體),realm,領域
英文,中文 (繁體),CORPUS,語料庫
英文,中文 (繁體),"imperative, declarative, regimes",命令式、聲明式、制度
英文,中文 (繁體),Customers with higher LTV are more likely to default.,LTV較高的客戶更容易違約。
英文,中文 (繁體),it is not a prerequisite,這並非先決條件
英文,中文 (繁體),c-level meeting,高階主管會議
英文,中文 (繁體),urge,敦促
英文,中文 (繁體),first-cut solution,初步解決方案
英文,中文 (繁體),limb,肢體
英文,中文 (繁體),craters,隕石坑
英文,中文 (繁體),tensor,張量
英文,中文 (繁體),translation invariance,平移不變性
英文,中文 (繁體),vicinity,附近
英文,中文 (繁體),nuances,細微差別
英文,中文 (繁體),stratified,分層
英文,中文 (繁體),remit,匯
英文,中文 (繁體),ponder,思考
英文,中文 (繁體),corpora,語料庫
英文,中文 (繁體),annotators,註釋者
英文,中文 (繁體),in a layman term,通俗地說
英文,中文 (繁體),only handful of you,只有少數人
英文,中文 (繁體),freelance data science,自由職業資料科學家
英文,中文 (繁體),align with incentive structure,與激勵機制保持一致
英文,中文 (繁體),to get ballpark range,大致範圍
英文,中文 (繁體),"T-shirt/top,Trouser,Pullover,Dress,Coat,Sandal,Shirt,Sneaker,Bag, Ankle Boot",T卹/上衣、褲子、套頭衫、洋裝、外套、涼鞋、襯衫、運動鞋、包包、踝靴
英文,中文 (繁體),ballpark,球場
英文,中文 (繁體),epochal,劃時代
英文,中文 (繁體),reshuffle,改組
英文,中文 (繁體),orchestrated,精心策劃
英文,中文 (繁體),holistically,整體上
英文,中文 (繁體),taboo,忌諱
英文,中文 (繁體),seollal holiday,春節假期
英文,中文 (繁體),revamp,改建
英文,中文 (繁體),there are any nuances,是否存在任何細微差別？
英文,中文 (繁體),this is a stretch,這有點牽強。
英文,中文 (繁體),see you shortly in france,很快在法國見。
英文,中文 (繁體),definition-wise,從定義上講
英文,中文 (繁體),tailored,量身訂製
英文,中文 (繁體),tandem,串聯
英文,中文 (繁體),working in tandem with each other,彼此協同工作
英文,中文 (繁體),let's start with protons,我們先從質子開始。
英文,中文 (繁體),cynic,犬儒
英文,中文 (繁體),done and dusted out of this world,塵埃落定，徹底離開這個世界
英文,中文 (繁體),down a smidge,略下降
英文,中文 (繁體),curated resource,精選資源
英文,中文 (繁體),crowdsourcing,眾包
英文,中文 (繁體),i am alert to non-verbal cues,我對非語言訊號很敏感。
英文,中文 (繁體),let's unpack this.,讓我們來仔細分析一下。
英文,中文 (繁體),book value,帳面價值
英文,中文 (繁體),"continuous,consecutively",連續的，連續地
英文,中文 (繁體),it is subjective,這是主觀的。
英文,中文 (繁體),"tensor, heterogeneous, segregate,feeble. plagiarist",張量，異質的，分離的，虛弱的。抄襲者
英文,中文 (繁體),"tensor, heterogeneous, segregate,feeble",張量，異質的，分離的，虛弱的
英文,中文 (繁體),"tensor, heterogeneous, segregate",張量，異質的，分離的
英文,中文 (繁體),"tensor, heterogeneous",張量，異質
英文,中文 (繁體),implicitly,隱式地
英文,中文 (繁體),caricature,漫畫
英文,中文 (繁體),cardinality ratio,基數比率
英文,中文 (繁體),BAMBOO,竹子
英文,中文 (繁體),"particular all data crunching needs very focus and not sidetrack, I don’t need to full discussion history.",特別地，所有資料處理都需要非常專注，不能離題，我不需要完整的討論歷史。
英文,中文 (繁體),costier,更昂貴
英文,中文 (繁體),capstone project,畢業設計項目
英文,中文 (繁體),"royalty, Loyalty",皇室，忠誠
英文,中文 (繁體),12 ish,大約12點
英文,中文 (繁體),tedious process,繁瑣的過程
英文,中文 (繁體),limbo state,懸而未決的狀態
英文,中文 (繁體),choir boys,唱詩班男孩
英文,中文 (繁體),The fitness of being determinedly rational does work,理性堅定的確有效。
英文,中文 (繁體),unfair blows,不公平的打擊
英文,中文 (繁體),"churn prediction,improvable, agnostic",流失預測，可改進，與品牌無關
英文,中文 (繁體),"churn prediction,improvable",流失預測，可改進
英文,中文 (繁體),churn prediction,流失預測
英文,中文 (繁體),Attrition,損耗
英文,中文 (繁體),he is very intense.,他非常投入。
英文,中文 (繁體),"itty-bitty, saner",微不足道，更理智
英文,中文 (繁體),it is a big conceptual thing and also need to understand how to use tool practically.,這既是一個很大的概念問題，也需要理解如何實際使用工具。
英文,中文 (繁體),"(from Taiwan)Echoing your point, Sir. — congressional support is important, but actions matter more.
When KMT/TPP politicians openly align with the PRC while benefiting from U.S. visas, residency, or family privileges, that contradiction deserves serious scrutiny.
Accountability should be real, not symbolic.","（來自台灣）先生，我完全同意您的觀點——國會的支持固然重要，但行動更為關鍵。

當國民黨/TPP政客公開與中華人民共和國結盟，同時又享有美國簽證、居留權或家庭特權時，這種矛盾理應受到嚴肅審視。

問責制應切實有效，而非流於形式。"
英文,中文 (繁體),"pruning,explosion,extrapolation",修剪、爆炸、外推
英文,中文 (繁體),pruning,修剪
英文,中文 (繁體),"nascent, are you getting? cohort size",新生代，你懂了嗎？群體規模
英文,中文 (繁體),nascent,新生
英文,中文 (繁體),"admission, gynecology,ward, glean.",入院，婦科，病房，收集。
英文,中文 (繁體),"admission, gynecology",入院，婦科
英文,中文 (繁體),admission,入學
英文,中文 (繁體),versatile,多才多藝的
英文,中文 (繁體),"nutshell, genre",簡而言之，類型
英文,中文 (繁體),nutshell,簡而言之
英文,中文 (繁體),subtle one,微妙的
英文,中文 (繁體),"multiplicative, wiggle his trunk, penalize, dubious",乘法的，扭動他的鼻子，懲罰，可疑的
英文,中文 (繁體),"endogeneity, heteroskedasticity, homoskedasticity",內生性、異方差性、同方差性
英文,中文 (繁體),"endogeneity, heteroskedasticity,",內生性、異方差性
英文,中文 (繁體),endogeneity,內生性
英文,中文 (繁體),cover  quite a bit of ground,覆蓋相當大的面積
英文,中文 (繁體),"caveat,  eyeball this data, conceptual work, homoscedasticity",注意：請仔細核對這些數據，這是一項概念性工作，涉及同方差性。
英文,中文 (繁體),caveat,注意
英文,中文 (繁體),elliptical,橢圓形
英文,中文 (繁體),SILHOUETTE,輪廓
英文,中文 (繁體),SIHOUETTE,輪廓
英文,中文 (繁體),stanzas,詩節
英文,中文 (繁體),create a new norm.,建立新的規範。
英文,中文 (繁體),this is hardware confound and test artifact,這是硬體故障和測試誤差造成的。
英文,中文 (繁體),condense,凝結
英文,中文 (繁體),coincided,巧合
英文,中文 (繁體),"panoramic , alumni",全景，校友
英文,中文 (繁體),that is naive.,那是天真的想法。
英文,中文 (繁體),"variability, variables,interpret,scree plot,capita,life expectancy,stochastic, non-convex,demographics",變異性、變數、解釋、碎石圖、人均、預期壽命、隨機性、非凸性、人口統計學
英文,中文 (繁體),"variability, variables,interpret,scree plot,capita,life expectancy,stochastic, non-convex",變異性、變數、解釋、碎石圖、人均、預期壽命、隨機、非凸
英文,中文 (繁體),"variability, variables,interpret,scree plot,capita,life expectancy,",變異性、變數、解釋、碎石圖、人均、預期壽命
英文,中文 (繁體),"variability, variables",變異性，變數
英文,中文 (繁體),stay stalled,保持停滯狀態
英文,中文 (繁體),shady narcotics,見不得光的毒品
英文,中文 (繁體),this is confounding and artifact. fair enough.,這令人困惑，而且是人為因素造成的。好吧。
英文,中文 (繁體),intention to treat analysis,意向性治療分析
英文,中文 (繁體),this is confound and artifact,這是混淆因素和人為因素。
英文,中文 (繁體),mammography,乳房X光檢查
英文,中文 (繁體),"human intervention always needed.
Descriptive Analysis --> What happened?

Diagnostic Analysis --> Why it happened based on what had happened?

Predictive Analysis --> What is going to happen in the future? -->

Demand Planning

Prescriptive Analysis

-->

What are we going to do about it?","始終需要人為介入。

描述性分析 --> 發生了什麼事？

診斷性分析 --> 根據已發生的事情，找出原因？

預測性分析 --> 未來會發生什麼事？ -->

需求規劃

規範性分析

-->

我們該如何應對？"
英文,中文 (繁體),"decent, pristine",體面、完美無瑕
英文,中文 (繁體),cynical,憤世嫉俗
英文,中文 (繁體),Dedicated to data science geeks.,獻給數據科學愛好者。
英文,中文 (繁體),"roller-coaster, ad-hoc learning, for the geeks of data engineer.",為資料工程師極客們打造的雲霄飛車式、即興學習體驗。
英文,中文 (繁體),"reconciliationㄝdemographic , tailor",和解ㄝ人口統計，裁縫
英文,中文 (繁體),whiskers,鬍鬚
英文,中文 (繁體),"The video in the above article covers a case study on a solution developed by JPMorgan Chase for a client, in order to create a model that helped minimize financial risk, maximize financial returns, and optimize venture capital funding.",上述文章中的影片涵蓋了摩根大通為客戶開發的解決方案的案例研究，旨在創建一個模型，以幫助最大限度地降低財務風險、最大限度地提高財務回報並優化風險投資。
英文,中文 (繁體),prediction is morphed,預測發生了變化
英文,中文 (繁體),"reconcile, account recipe",對賬，帳戶配方
英文,中文 (繁體),maximize return on investments subject to constraints,在滿足約束條件的前提下，最大化投資回報。
英文,中文 (繁體),"replenish, error-prone, stitch",補充，易出錯，縫合
英文,中文 (繁體),replenish,補充
英文,中文 (繁體),confounds and artifacts are minimized.,混雜因素和人為因素降至最低。
英文,中文 (繁體),these are shades of gray,這些都是灰色的色調。
英文,中文 (繁體),"To bad doggy, 

You cannot allow confidential information to leave your premises.","可憐的狗狗，

你不能讓機密資訊離開你的住所。"
英文,中文 (繁體),WITH caveat,但需注意
英文,中文 (繁體),agnostic,不可知論者
英文,中文 (繁體),insolvencies,破產
英文,中文 (繁體),"""A Stoic is someone who transforms fear into prudence, pain into transformation, mistakes into initiation, and desire into undertaking.""

- Nassim Nicholas Taleb","“斯多葛主義者能將恐懼轉化為謹慎，將痛苦轉化為轉變，將錯誤轉化為啟蒙，將慾望轉化為行動。”

——納西姆·尼古拉斯·塔勒布"
英文,中文 (繁體),aurora,極光
英文,中文 (繁體),Outgoing wires require a beneficiary address. Please edit wire recipient information and try again.,匯出款項需要收款人地址。請修改收款人資訊並重試。
英文,中文 (繁體),"Payment,disburse",付款，支付
英文,中文 (繁體),"price elasticity model,extract, transform,load,pitched.",價格彈性模型，提取，轉換，加載，音調。
英文,中文 (繁體),exploitative and explorative,剝削性和探索性的
英文,中文 (繁體),explotative and exploration,勘探和探索
英文,中文 (繁體),"price elasticity model,extract, transform,load",價格彈性模型，提取，轉換，加載
英文,中文 (繁體),neurons,神經元
英文,中文 (繁體),"immutable, temper with it",不可改變，用它來緩和它
英文,中文 (繁體),immutable,不可更改的
英文,中文 (繁體),"Prevalence,Specificity,impulation, impulate,imputation,impute, cosine similarity or collaborative filtering algorithms.receptor.interpretability, remitted,discriminative AI",盛行率、特異性、推論、推論、插補、餘弦相似度或協同過濾演算法、受體、可解釋性、緩解、判別性人工智慧
英文,中文 (繁體),"Prevalence,Specificity,impulation, impulate,imputation,impute, cosine similarity or collaborative filtering algorithms.receptor.interpretability, remitted,",盛行率、特異性、推論、推論、推論、餘弦相似度或協同過濾演算法。受體。可解釋性、緩解。
英文,中文 (繁體),"Prevalence,Specificity,impulation, impulate,imputation,impute, cosine similarity or collaborative filtering algorithms.receptor.interpretability",盛行率、特異性、推論、推論、插補、餘弦相似度或協同過濾演算法。受體。可解釋性
英文,中文 (繁體),"Prevalence,Specificity,impulation, impulate,imputation,impute,",盛行率、特異性、推論、推論、歸因、歸因
英文,中文 (繁體),"Prevalence,Specificity,impulation, impulate",盛行率、特異性、推論、推斷
英文,中文 (繁體),"Prevalence,Specificity",患病率、特異性
英文,中文 (繁體),Prevalence,盛行率
英文,中文 (繁體),"data literacy, visionaries",數據素養，遠見卓識者
英文,中文 (繁體),"replenishments, avenue, placebo, telemedicine, reimbursement, diabetes,breach of data, dAta siloS, null shell,personas,referral code,assortment,data ingestion,entity, intent,tokenization,lemmatization,state of affair,STEMMING",補貨、途徑、安慰劑、遠距醫療、報銷、糖尿病、資料外洩、資料孤島、空殼、角色、推薦碼、分類、資料攝取、實體、意圖、分詞、詞形還原、事態、詞幹擷取
英文,中文 (繁體),"savy function, campaign,wastage cost, intricately,replenishment,",精明的功能、活動、浪費成本、複雜、補充、
英文,中文 (繁體),"savy function, campaign,wastage cost, intricately",精明的功能、活動、浪費成本、錯綜複雜
英文,中文 (繁體),"savy function, campaign,wastage cost",精明的功能、活動、浪費成本
英文,中文 (繁體),"savy function, campaign,",精明的功能、活動、
英文,中文 (繁體),bid,出價
英文,中文 (繁體),interpretability,可解釋性
英文,中文 (繁體),vouch,擔保
英文,中文 (繁體),mugging up  the formula,死記硬背公式
英文,中文 (繁體),churn rate,流失率
英文,中文 (繁體),tamper-proof,防篡改
英文,中文 (繁體),"catalyst, 
analyst",催化劑，分析師
英文,中文 (繁體),amalgamation of two paradigms,兩種範式的融合
英文,中文 (繁體),"quantum computing, qubit",量子計算，量子比特
英文,中文 (繁體),fossile fuels,化石燃料
英文,中文 (繁體),interdisciplinary approaches,跨學科方法
英文,中文 (繁體),i'll reason with you.,我會跟你講道理。
英文,中文 (繁體),ethos,精神氣質
英文,中文 (繁體),"temporal data, neural network",時間數據，神經網絡
英文,中文 (繁體),temporal data,時間數據
英文,中文 (繁體),ingestion,攝取
英文,中文 (繁體),tamper with,篡改
英文,中文 (繁體),datum point,基準點
英文,中文 (繁體),Don't shrink to fit places you have outgrown,不要為了適應你已經不再適合的地方而委屈自己。
英文,中文 (繁體),Stop whining,別抱怨了。
英文,中文 (繁體),masculine,男性
法文,中文 (繁體),mise en place,設定
英文,中文 (繁體),Rock bottom will teach you lessons a mountain top could never.,跌入谷底會教會你山頂永遠無法教你的道理。
英文,中文 (繁體),Want me to tailor it to your data?,需要我根據您的數據進行客製化嗎？
英文,中文 (繁體),"DID YOU KNOW?

Breathing In Rhythm At 6 Breaths Per Minute Balances Your Nervous System, Increases Heart-rate Variability, And Shifts Your Body Into Deep Coherence","你知道嗎？

以每分鐘 6 次的節奏呼吸，可以平衡你的神經系統，提高心率變異性，並使你的身體進入深度和諧狀態。"
英文,中文 (繁體),in that sense,從這個意義上講
英文,中文 (繁體),"Vomiting, hallucinations, and total exhaustion couldn’t stop Sally McRae from finishing third in one of the toughest 200-mile ultras. Here’s how she pulled off the comeback of a lifetime",嘔吐、幻覺和極度疲憊都無法阻止薩莉麥克雷在最艱苦的200英里超級馬拉松之一中獲得第三名。以下是她如何完成這場畢生難忘的逆轉。
英文,中文 (繁體),my new norm,我的新常態
英文,中文 (繁體),"Every run—slow, fast, easy, messy—builds something. It might be confidence, resilience, or the simple belief that you can handle more than you thought. The more you show up, the stronger you get.

And strength doesn’t arrive in one big moment. It grows quietly, mile by mile, until one day you realize you’ve become the runner you hoped you’d be. 💛","每一次跑步——無論慢跑、快跑、輕鬆跑還是狼狽不堪——都會有所收穫。它可能是自信、韌性，或只是相信自己能夠勝任比想像中更艱鉅的任務。你堅持跑得越多，就越強大。

力量並非一蹴而就，而是悄悄增長，一英里一英里地積累，直到有一天，你意識到自己已經成為了夢寐以求的跑者。 💛"
英文,中文 (繁體),"Running makes you stronger in ways you don’t always notice at first.🏃‍♂️✨ 
 Your legs get tougher, your heart works smoother, and your breath finds a steady rhythm that wasn’t there before. Little by little, your body adapts to what once felt impossible.
But the real strength shows up in your mind. Running teaches you to stay calm when it’s hard, to keep going when you’re tired, and to trust that effort always pays off. Those lessons stay with you long after the run ends.","跑步會讓你變得更強壯，而這種強壯往往在你最初可能並未察覺的方面有所體現。 🏃‍♂️✨

你的雙腿會變得更加有力，你的心臟會更加平穩地跳動，你的呼吸也會找到以前從未有過的穩定節奏。你的身體會一點一點地適應那些曾經看似不可能的事。

但真正的力量體現在你的精神層面。跑步教會你在困難時保持冷靜，在疲憊時堅持下去，並相信努力終會有回報。這些感悟會在跑步結束後長久地伴隨著你。"
英文,中文 (繁體),"disposable, disposable and replaceable",一次性、一次性可更換
英文,中文 (繁體),nasty,可惡的
英文,中文 (繁體),"squat, jack jump, push up, high knee,kicker, lunge tap, tuck jump",深蹲、開合跳、伏地挺身、高抬腿、踢腿、弓箭步點地、收腿跳
英文,中文 (繁體),"FOOD IS MEDICINE

PINEAPPLE

JOINTS

CARROT

EYES

KIDNEY BEANS

KIDNEY

GRAPES

LUNGS

GINGER

STOMACH

SWEET POTATO

PANCREAS

AVOCADO

UTERUS

BEETROOT

LIVER

CITRUS

BREAST

WALNUT

BRAIN

TOMATO

HEART

POMEGRANATE

BLOOD","食物即良藥

鳳梨

關節

紅蘿蔔

眼睛

芸豆

腎臟

葡萄

肺

薑

胃

紅薯

胰髒

酪梨

子宮

甜菜根

肝臟

柑橘

胸部

核桃

大腦

番茄

心臟

石榴

血液"
英文,中文 (繁體),it's very decent,非常不錯
英文,中文 (繁體),"Men’s health concerns are often linked to biological factors, such as hormonal profiles, anatomy, and disease susceptibility, affecting all individuals with the Y chromosome across all gender identities. Men’s health is not just about you. It’s to be shared with the people around you.",男性健康問題通常與生理因素相關，例如荷爾蒙水平、解剖結構和疾病易感性，影響所有擁有Y染色體的個體，無論其性別認同如何。男性健康不僅關乎你自身，也需要與你周圍的人共同關注。
英文,中文 (繁體),Rolling A Tennis Ball Under Your Glutes Eases Sciatic Nerve Pain And Boosts Hip Mobility,網球按摩臀部可以緩解坐骨神經痛並提高髖關節活動度
英文,中文 (繁體),"Be delusional enough to believe that it's possible.
Be disciplined enough to prove yourself right.","要夠自欺欺人，相信這是可能的。

要夠自律，證明自己是對的。"
英文,中文 (繁體),trail and trial,試驗和試煉
英文,中文 (繁體),"Investment Lessons that we can learn from bagyong Tino:
Before buying your dream property, you must:
1. Assess the area’s soil quality (if its not prone to landslide)
2. Asssess if the area is not flood-prone
3. Assess if the area is not in fault-line
4. Do not be fooled by over-cheap price (coz this always means “no good”
5. Do not rush when buying properties. Due diligence is a must👌🏼","從颱風「蒂諾」中我們可以學到的投資教訓：

在購買夢想房產之前，您必須：

1. 評估該地區的土壤品質（是否容易發生山崩）

2. 評估該地區是否容易發生洪水

3. 評估該地區是否位於斷層線上

4. 不要被過低的價格所迷惑（因為這通常意味著「不好」）

5. 購買房產時不要操之過急。盡職調查至關重要👌🏼"
英文,中文 (繁體),"Remember: you’ve trained for this. You’ve done the miles. You’ve faced tough runs before. This is just another one—with a finish line waiting.
Pain is temporary. Crossing that line? That feeling lasts forever.","記住：你為此訓練過。你跑過無數英里。你以前也經歷過艱苦的奔跑。這不過是又一次——終點線在等著你。

痛苦是暫時的。跨過終點線的那一刻？那種感覺將會永存。"
英文,中文 (繁體),"The last miles of a race are when your legs get quiet—and your mind gets loud. Doubt creeps in, pain demands attention, and quitting starts to sound tempting.
This is where you switch from body to mind. Break it into tiny goals—next cone, next corner, next breath. Repeat your mantra, focus on form, eyes forward.","比賽的最後幾公里，你的雙腿會變得遲鈍，而你的思緒卻會變得紛亂。懷疑悄悄滋生，疼痛迫使你集中註意力，放棄的念頭也開始湧上心頭。

這時，你需要將注意力從身體轉移到精神。將比賽分解成一個小目標－下一個錐桶，下一個彎道，下次再呼吸。反覆默念你的口號，專注於你的跑姿，目光向前。"
英文,中文 (繁體),mantra,咒語
英文,中文 (繁體),stamina and dementia,耐力和癡呆
英文,中文 (繁體),involuntary,非自願
英文,中文 (繁體),invulnerable,無敵的
中文 (繁體),英文,無意識性的一部份， 脆弱性,"A part of unconsciousness, vulnerability"
英文,中文 (繁體),plagiarism,抄襲
法文,中文 (繁體),These strategies will help you grow endurance and stamina from scratch.,這些策略將幫助您從頭開始增強耐力和體力。
英文,中文 (繁體),cumbersome,繁瑣
英文,中文 (繁體),Runners: save time by training your glutes and hamstrings at the SAME time.,跑者：同時訓練臀肌和腿後肌來節省時間。
英文,中文 (繁體),Armageddon,世界末日
英文,中文 (繁體),you stoked to pace?,你興奮地踱步嗎？
英文,中文 (繁體),Time to crack the whip! Loving these short clips,是時候揮動鞭子了！超愛這些短片
英文,中文 (繁體),let's mosey like soon.,讓我們盡快閒逛吧。
法文,中文 (繁體),"Si jamais, prends ton temps.",如果有的話，請慢慢來。
英文,中文 (繁體),devastating,毀滅性的
英文,中文 (繁體),catastrophic ; collision ;,災難性的；碰撞 ;
英文,中文 (繁體),liabilities and asset,負債和資產
英文,中文 (繁體),"Brick by brick, polish by polish, grind by grind",一磚一瓦，一拋光一拋光，一研磨一研磨
英文,中文 (繁體),can I take a selfie with you,我可以跟你自拍嗎
日文,中文 (繁體),tonkatsu,豬排
英文,中文 (繁體),Skin in the Game,參與遊戲
英文,中文 (繁體),jeopardize,危害
英文,中文 (繁體),sabotage,破壞
英文,中文 (繁體),data crunch,數據緊縮
英文,中文 (繁體),manifesto,宣言
英文,中文 (繁體),"adversity, pitfall, setback",逆境、陷阱、挫折
英文,中文 (繁體),Cortisol,皮質醇
英文,中文 (繁體),make it count,讓它有意義
英文,中文 (繁體),downward spiral in personal life,個人生活陷入低谷
英文,中文 (繁體),unabridged,未刪節版
英文,中文 (繁體),it takes two to tango,一個巴掌拍不響
英文,中文 (繁體),synergy of both nature and nurture,先天與後天的協同作用
英文,中文 (繁體),"Take inventory of your tools and become familiar with them, just as you would friends and family. When appropriate, add additional features or provide more in-depth explanations, just like an expert.
If you are a runner, understand your body's limitations and how to train yourself better, for example, what to eat, sleep control, and running efficiency. If you are an engineer, try coding scripts to automate your work.","盤點您的工具並熟悉它們，就像您對待朋友和家人一樣。在適當的時候，添加附加功能或提供更深入的解釋，就像專家一樣。
如果你是跑者，了解自己身體的限制以及如何更好地訓練自己，例如吃什麼、睡眠控制和跑步效率。如果您是工程師，請嘗試編寫腳本來自動化您的工作。"
英文,中文 (繁體),"Take inventory of your tools and become familiar with them, like friends and family. When appropriate, add other features or provide deeper interpretation, like an expert.",盤點您的工具並熟悉它們，就像朋友和家人一樣。在適當的時候，添加其他功能或提供更深入的解釋，就像專家一樣。
英文,中文 (繁體),Clean up chores/errands/trivia / miscellaneous and record them to ensure they can be continued next time,清理家務/差事/瑣事/雜事並記錄下來，確保下次可以繼續
英文,中文 (繁體),i respectfully disagree,我不敢苟同
法文,英文,donner de la confiture aux cochons.,give jam to the pigs.
英文,中文 (繁體),Grow Your Calves,鍛鍊小腿肌肉
英文,中文 (繁體),it is a fuzzy request.,這是一個模糊請求。
英文,中文 (繁體),it is a fuzzy action,這是一個模糊的動作
中文 (繁體),英文,悲觀 樂觀,Pessimistic Optimistic
英文,中文 (繁體),"ideologies, inferiority",意識形態、自卑
英文,中文 (繁體),Dassehra and Deepawali,七夕節和排燈節
英文,中文 (繁體),"This is not a geeky science, but basic knowledge. It may come from your previous learning, training, and failure experiences.",這不是什麼高深的科學，而是基本的知識。它可能來自你以前的學習、訓練和失敗經驗。
英文,中文 (繁體),geeky Science,怪異科學
英文,中文 (繁體),"Contagious, CONTINGENCY,
contamination,containment","傳染性、偶然性、
污染、遏制"
英文,中文 (繁體),gear up,做好準備
偵測語言,英文,逆來順受,accept things as they come
英文,中文 (繁體),The harsh reality: dreams only become REAL when paired with relentless action.,殘酷的現實：夢想只有與不懈的行動結合才能成為現實。
偵測語言,中文 (繁體),nasty,可惡的
英文,中文 (繁體),TEDIOUS and stupid,無聊又愚蠢
英文,中文 (繁體),Contagious CONTINGENCY,傳染性意外事件
英文,中文 (繁體),contingency,意外事件
中文 (繁體),法文,我開始精神錯亂了，失去我的判斷,"Je commence à perdre la tête, à perdre mon jugement"
中文 (繁體),英文,我開始精神錯亂了，失去我的判斷,"I'm starting to lose my mind, losing my judgment"
中文 (繁體),英文,我想在開始下一步之前先結束這一切。我有很多積壓的清單。,I want to wrap this up before moving on to the next step. I have a huge backlog.
英文,中文 (繁體),i want to wrap this up before starting next step.,我想在開始下一步之前先結束這一切。
中文 (繁體),英文,抽筋,cramp
英文,中文 (繁體),My adrenal glands have been rising continuously over the past 24 hours and 1 month,我的腎上腺在過去24小時和1個月內持續升高
英文,中文 (繁體),crastination procrastination,拖延 拖延
英文,中文 (繁體),a cozy home,一個溫馨的家
英文,中文 (繁體),i scratch from here.,我從這裡開始。
英文,中文 (繁體),don't frown,別皺眉
英文,中文 (繁體),"In the end of day, what progress can we expect?",歸根結底，我們可以期待什麼進展？
英文,中文 (繁體),scratch that,從頭開始
英文,中文 (繁體),cranky and grumpy,脾氣暴躁
英文,中文 (繁體),by brute strength · work tenaciously with no fear of hardship,憑蠻力·頑強拼搏，不畏艱難
中文 (繁體),英文,我的任務只完成了三分之一,I'm only a third of the way done
英文,中文 (繁體),I'm just quarter through my task.,我的任務剛完成四分之一。
英文,中文 (繁體),I'm just halfway through my task.,我的任務剛完成一半。
偵測語言,中文 (繁體),"disposable, dispensable  and replaceable",一次性的，可替代的和可更換的
英文,中文 (繁體),tedious trivia,無聊的瑣事
英文,中文 (繁體),"transform into a tangible result, Repeat by Repeat.",轉化為有形的結果，不斷重複。
英文,中文 (繁體),transform into a tangible result.,轉化為實實在在的成果。
英文,中文 (繁體),"derail me,sidetrack me",使我脫軌，使我偏離軌道
英文,中文 (繁體),"Discipline is sacrificing what you want, for what you want the most",紀律就是為了你最想要的東西而犧牲你想要的東西
中文 (繁體),英文,我可以合理推測接下來股市會下降，甚至衰退。,"I can reasonably speculate that the stock market will then decline, or even recession."
英文,中文 (繁體),I am skilled b/c I worked at this,我很熟練，因為我曾經在這工作過
英文,中文 (繁體),I'm just halfway through,我剛完成一半
法文,英文,Troubles endocriniens causés par une pression de travail élevée,Endocrine disorders caused by high work pressure
英文,中文 (繁體),Endocrine disorders caused by high work pressure,工作壓力大導致內分泌失調
英文,中文 (繁體),This ticket is just for formality!,這張票只是為了形式而已！
英文,中文 (繁體),Practical experience and pragmatic spirit,實務經驗與務實精神
英文,中文 (繁體),My mind just blanked out.,我的大腦一片空白。
中文 (繁體),英文,不要用你大膽的假設來質疑我,Don't question me with your bold assumptions
中文 (繁體),英文,胎面花紋不足是危險的,Insufficient tread pattern is dangerous
英文,中文 (繁體),it is kind of mind-twisting when you stuck with many brainworks.,當你陷入許多腦力勞動時，這有點令人費解。
中文 (繁體),英文,這不只代表一個問題可能有50個變數，而是50個變數彼此之間相互牽扯。,"This doesn’t just mean that a problem may have 50 variables, but that 50 variables are intertwined with each other."
英文,中文 (繁體),"retaliation
staples
kickback
abide
harassment
intimidate
hostile
subordinate
refurbish","報復
訂書釘
回扣
遵守
騷擾
威嚇
敵對的
下屬
翻新"
英文,法文,who wants to be the first,qui veut être le premier
法文,英文,"Aubergiste, à boire ou je tue le chien !","Innkeeper, drink or I kill the dog!"
英文,法文,did you finish your work today?,avez-vous fini votre travail aujourd'hui?
英文,法文,did you finish your lunch box?,as-tu fini ta boîte à lunch?
英文,法文,Thank you for your cooperation these days.,Merci pour votre coopération ces jours-ci.
英文,法文,This is totally against my knowledge.,C'est totalement contre ma connaissance.
法文,英文,J'ai tourné et tourné toute la nuit.,I tossed and turned all night.
法文,中文 (繁體),J'ai tourné et tourné toute la nuit.,我整夜輾轉反側。
法文,英文,"Je ne fais pas partie du groupe d'élite.
",I am not part of the elite group.
英文,中文 (繁體),I should not have excuses for overlooking this.I put focus on matrix lot which has 0% and many urgent cases running in parallel.Those spread out my focus on TTR phase 2 pararation. The good thing is we have peer review and PRB meeting.,我不應該有任何藉口忽略這一點。我把重點放在矩陣批次上，它有 0% 和許多並行運行的緊急案例。這些分散了我對 TTR 階段 2 參數的關注。 好消息是我們有同行評審和 PRB 會議。
法文,英文,Soyez plus chic avec un cadeau.comme je voudrais voir vetre visage ravi.,Be smarter with a gift. How I would like to see your delighted face.
英文,法文,is it true?,est-ce vrai?
英文,法文,where is it,où est-il
英文,法文,could i talk to you for 5 mins?,Puis-je te parler 5 minutes ?
英文,法文,can i talk to you for 5 mins?,puis-je te parler 5 minutes ?
英文,法文,can i help you?,puis-je vous aider?
英文,法文,"“History, however, does not forgive sidesteps; if you seek to take back what’s yours, there is only one way to go – forward.”","« L'histoire, cependant, ne pardonne pas les pas de côté ; si vous cherchez à reprendre ce qui vous appartient, il n'y a qu'une seule façon d'aller de l'avant."
法文,英文,"C'est de l'agitation pour rien, pourquoi ne pas passer le temps plus significatif","It's hustle for nothing, why not make the time more meaningful"
英文,法文,"It ' s all fussing about nothing , why not spend the time more meaningful","Tout s'agite pour rien , pourquoi ne pas passer le temps plus significatif"
英文,法文,he has more money than all of us,il a plus d'argent que nous tous
英文,法文,we are Taiwanese therefore we speak Taiwanese,nous sommes taïwanais donc nous parlons taïwanais
英文,法文,Don't spend too much time on social media and learn as much and as fast as you can,Ne passez pas trop de temps sur les réseaux sociaux et apprenez autant et aussi vite que vous le pouvez
英文,法文,one more time,Encore une fois
法文,英文,tu vas faire un tour,you're going for a ride
英文,法文,there are many challenges this year. And i am looking forward to learn something new.,il y a beaucoup de défis cette année.  Et je suis impatient d'apprendre quelque chose de nouveau.
英文,法文,"I cannot speak chinese, can you speak french?","Je ne parle pas chinois, parlez-vous français ?"
英文,法文,"Excuse me, can you speak french or english? i cannot understand chinese. ","Excusez-moi, pouvez-vous parler français ou anglais ?  je ne comprends pas le chinois."
英文,法文,"Excuse me, can you speak french or english? ","Excusez-moi, pouvez-vous parler français ou anglais ?"
法文,英文,Avec quoi es-tu occupé,what are you busy with
英文,法文,any plan for weekend?,un plan pour le week-end?
法文,英文,"
Il commencera ses cours le 15 septembre. (et non : débutera)

Ses cours débuteront le 15 septembre. (complément circonstanciel)
","He will start his classes on September 15.  (not: will begin)

 His classes will start on September 15.  (completely circumstantial)"
英文,法文,My telephone is broken.,Mon téléphone est cassé.
英文,法文,How to invest in times of inflation,Comment investir en période d'inflation
英文,法文,most trivia,la plupart des anecdotes
英文,法文,not yet,pas encore
法文,英文,"
Il commencera ses cours le 15 septembre. (et non : débutera)

Ses cours débuteront le 15 septembre. (complément circonstanciel)
","He will start his classes on September 15.  (not: will begin)

 His classes will begin on September 15.  (completely circumstantial)"
英文,中文 (簡體),筆記本 記事本,筆記本 記事本
英文,法文,Why is this story coming out now?,Pourquoi cette histoire sort-elle maintenant ?
法文,英文,Wallstreetbets Les actions sont en baisse mercredi avant le marché.,Wallstreetbets Stocks are down Wednesday before market.
法文,英文,Trouver une raison de commencer à faire de l'exercice dès maintenant.,Find a reason to start exercising now.
英文,法文,There is no turning back,Il n'y a pas de retour en arrière
英文,法文,there are many challenges this year,il y a beaucoup de défis cette année
法文,英文,Se mettre au sport - Entraînement à la maison spécial débutant,Getting into sport - Special beginner home workout
英文,法文,Reverse causation,Causalité inverse
法文,英文,Nous pouvons le faire et nous sommes prêts à démarrer.,We can do it and we are ready to go.
法文,英文,Le projet devrait démarrer en juillet 2009,The project should start in July 2009
英文,法文,I am very grateful to you for responding so quickly.,Je vous suis très reconnaissant d'avoir répondu aussi rapidement.
英文,法文,"Due to my religious beliefs, I cannot drink alcohol.","En raison de mes croyances religieuses, je ne peux pas boire d'alcool."
法文,英文,de quoi parlez-vous,what are you talking about
法文,英文,c'est désolant,it's sad
英文,法文,it is very light,c'est très léger
英文,法文,it is very heavy,c'est très lourd
英文,法文,please eat it after dinner.,"s'il vous plaît, mangez-le après le dîner."
英文,法文,take it easy my love,calme toi mon amour
英文,法文,there are many challenges this year. And i am looking forward to learn something new.,il y a beaucoup de défis cette année. Et je suis impatient d'apprendre quelque chose de nouveau.
法文,英文,"
Il commencera ses cours le 15 septembre. (et non : débutera)

Ses cours débuteront le 15 septembre. (complément circonstanciel)
","He will start his classes on September 15. (not: will begin)

His classes will begin on September 15. (completely circumstantial)"
英文,法文,you don't know the stock is going down.,vous ne savez pas que le stock est en baisse.
法文,英文,à quoi occupes-tu,what are you doing
英文,法文,i need to send my daughter to kindergarten,je dois envoyer ma fille à la maternelle
英文,法文,are you going to eat lunch box?,allez-vous manger une boîte à lunch?
法文,英文,je vois que tu es occupé,I see that you are busy
英文,法文,"Excuse me, can you speak french or english? i cannot understand chinese. ","Excusez-moi, pouvez-vous parler français ou anglais? Je ne peux pas comprendre le chinois."
英文,法文,"Excuse me, can you speak french or english? ","Excusez-moi, pouvez-vous parler français ou anglais?"
英文,法文,any plan for weekend?,un plan pour le week-end ?
法文,英文,Avec quoi es-tu occupé,What are you busy with
英文,法文,"I cannot speak chinese, can you speak french?","Je ne peux pas parler chinois, pouvez-vous parler français ?"
法文,英文,tu vas faire un tour,you are going for a walk
英文,法文,i don't believe i cannot make it.,je ne crois pas que je ne peux pas le faire.
英文,法文,i can't believe i cannot make it.,je ne peux pas croire que je ne peux pas le faire.
英文,法文,all you have to do is read as much as possible and do what they say.,tout ce que vous avez à faire est de lire autant que possible et de faire ce qu'ils disent.
英文,法文,it is dangerous not to wear a mask in public places.,il est dangereux de ne pas porter de masque dans les lieux publics.
英文,法文,are you very busy?,êtes-vous très occupé?
英文,法文,it's dangerous to run in the corner.,c'est dangereux de courir dans le coin.
英文,法文,it is dangerous,c'est dangereux
法文,英文,"Super bonne idée, très parlante !
","Super good idea, very meaningful!"
英文,法文,"That's it, if there is anything you don't understand, please let me know. Thank you for your cooperation and guidance.","Voilà, s'il y a quelque chose que vous ne comprenez pas, faites-le moi savoir. Merci pour votre coopération et vos conseils."
英文,法文,it's time to visit again,il est temps de visiter à nouveau
英文,法文,it's too bad,c'est dommage
英文,法文,It is very pity,c'est bien dommage
英文,法文,i didn't make it.,je n'y suis pas parvenu.
英文,法文,i didn't do it.,je ne l'ai pas fait.
英文,法文,i didn't kill it.,je ne l'ai pas tué.
英文,法文,I don't understand what you are talking about.,Je ne comprends pas de quoi vous parlez.
英文,法文,Which part do you like most in Taiwan?,Quelle partie aimez-vous le plus à Taïwan ?
英文,法文,What is your favorite food?,Quel est votre plat préféré?
英文,法文,"you need to have a good daily habit, like getting up early and eating less junk food.","vous devez avoir une bonne habitude quotidienne, comme vous lever tôt et manger moins de malbouffe."
英文,法文,i practice french every day since 2020. it is very interesting to learn a new language.,je pratique le français tous les jours depuis 2020. c'est très intéressant d'apprendre une nouvelle langue.
英文,法文,i practice french evey day since 2020.,je pratique le français tous les jours depuis 2020.
英文,法文,sit down. stand up. get up,s'asseoir. se lever. se lever
英文,法文,it is very boring to sit there without doing anything.,c'est très ennuyeux de s'asseoir là sans rien faire.
英文,法文,i don't know. i don't remember.,je ne sais pas.  je ne me souviens pas.
英文,法文,i haven't start yet.,je n'ai pas encore commencé.
英文,法文,when do you plan to retire,quand comptez-vous prendre votre retraite
英文,法文,i don't remember any more,je ne me souviens plus
英文,法文,what is your opinion?,quel est ton opinion?
英文,法文,i haven't finished yet.,je n'ai pas encore fini.
英文,法文,It is cold this morning. it's going to be cold tonight. it's a good idea to wear a coat when you go out.,Il fait froid ce matin. il va faire froid ce soir. c'est une bonne idée de porter un manteau lorsque vous sortez.
英文,法文,It is cold this morning. it's going to be cold tonight. it's a good idea to bring a coat when you go out.,Il fait froid ce matin. il va faire froid ce soir. c'est une bonne idée d'apporter un manteau lorsque vous sortez.
英文,法文,i want to improve my work efficiency so that i can spend more time with my family.,je veux améliorer mon efficacité de travail afin que je puisse passer plus de temps avec ma famille.
英文,法文,I also want financial freedom so I can travel the world.,Je veux aussi la liberté financière pour pouvoir parcourir le monde.
英文,法文,I want the financial freedom to spend more time enjoying life with my family.,Je veux avoir la liberté financière pour passer plus de temps à profiter de la vie avec ma famille.
中文 (簡體),英文,候選人發表政見,Candidates’ political views